led_id,current_mA,junction_temp_C,hours,lumen_maintenance
LED_001,1050,60,0,1.0029
LED_001,1050,60,250,0.9802
LED_001,1050,60,500,0.9519
LED_001,1050,60,750,0.9274
LED_001,1050,60,1000,0.9089
LED_001,1050,60,1250,0.8876
LED_001,1050,60,1500,0.8632
LED_001,1050,60,1750,0.8356
LED_001,1050,60,2000,0.8148
LED_001,1050,60,2250,0.7953
LED_001,1050,60,2500,0.7656
LED_001,1050,60,2750,0.7337
LED_001,1050,60,3000,0.7162
LED_001,1050,60,3250,0.6987
LED_001,1050,60,3500,0.6603
LED_001,1050,60,3750,0.6403
LED_001,1050,60,4000,0.6139
LED_001,1050,60,4250,0.5897
LED_001,1050,60,4500,0.5645
LED_001,1050,60,4750,0.5425
LED_001,1050,60,5000,0.5124
LED_001,1050,60,5250,0.4912
LED_001,1050,60,5500,0.4595
LED_001,1050,60,5750,0.4323
LED_001,1050,60,6000,0.4046
LED_001,1050,60,6250,0.3736
LED_001,1050,60,6500,0.3553
LED_001,1050,60,6750,0.3357
LED_001,1050,60,7000,0.3025
LED_001,1050,60,7250,0.3
LED_001,1050,60,7500,0.3
LED_001,1050,60,7750,0.3
LED_001,1050,60,8000,0.3
LED_001,1050,60,8250,0.3
LED_001,1050,60,8500,0.3
LED_001,1050,60,8750,0.3
LED_001,1050,60,9000,0.3
LED_001,1050,60,9250,0.3
LED_001,1050,60,9500,0.3
LED_001,1050,60,9750,0.3
LED_001,1050,60,10000,0.3
LED_002,350,60,0,0.9988
LED_002,350,60,250,0.9833
LED_002,350,60,500,0.9781
LED_002,350,60,750,0.9658
LED_002,350,60,1000,0.9511
LED_002,350,60,1250,0.9429
LED_002,350,60,1500,0.9316
LED_002,350,60,1750,0.9188
LED_002,350,60,2000,0.9133
LED_002,350,60,2250,0.8902
LED_002,350,60,2500,0.878
LED_002,350,60,2750,0.874
LED_002,350,60,3000,0.8624
LED_002,350,60,3250,0.8515
LED_002,350,60,3500,0.8356
LED_002,350,60,3750,0.8218
LED_002,350,60,4000,0.8132
LED_002,350,60,4250,0.7991
LED_002,350,60,4500,0.7946
LED_002,350,60,4750,0.7746
LED_002,350,60,5000,0.7632
LED_002,350,60,5250,0.7607
LED_002,350,60,5500,0.7373
LED_002,350,60,5750,0.7276
LED_002,350,60,6000,0.7152
LED_002,350,60,6250,0.7027
LED_002,350,60,6500,0.688
LED_002,350,60,6750,0.6747
LED_002,350,60,7000,0.6613
LED_002,350,60,7250,0.6455
LED_002,350,60,7500,0.636
LED_002,350,60,7750,0.6297
LED_002,350,60,8000,0.6132
LED_002,350,60,8250,0.5963
LED_002,350,60,8500,0.5852
LED_002,350,60,8750,0.565
LED_002,350,60,9000,0.554
LED_002,350,60,9250,0.5454
LED_002,350,60,9500,0.534
LED_002,350,60,9750,0.5114
LED_002,350,60,10000,0.499
LED_003,350,60,0,1.0004
LED_003,350,60,250,0.9924
LED_003,350,60,500,0.9708
LED_003,350,60,750,0.9556
LED_003,350,60,1000,0.9379
LED_003,350,60,1250,0.9272
LED_003,350,60,1500,0.913
LED_003,350,60,1750,0.8875
LED_003,350,60,2000,0.8741
LED_003,350,60,2250,0.863
LED_003,350,60,2500,0.8425
LED_003,350,60,2750,0.8246
LED_003,350,60,3000,0.814
LED_003,350,60,3250,0.7978
LED_003,350,60,3500,0.7748
LED_003,350,60,3750,0.7606
LED_003,350,60,4000,0.738
LED_003,350,60,4250,0.7222
LED_003,350,60,4500,0.7092
LED_003,350,60,4750,0.6916
LED_003,350,60,5000,0.6704
LED_003,350,60,5250,0.654
LED_003,350,60,5500,0.6352
LED_003,350,60,5750,0.6237
LED_003,350,60,6000,0.5964
LED_003,350,60,6250,0.5826
LED_003,350,60,6500,0.5614
LED_003,350,60,6750,0.5527
LED_003,350,60,7000,0.5259
LED_003,350,60,7250,0.5153
LED_003,350,60,7500,0.5037
LED_003,350,60,7750,0.4857
LED_003,350,60,8000,0.4536
LED_003,350,60,8250,0.4437
LED_003,350,60,8500,0.4203
LED_003,350,60,8750,0.4011
LED_003,350,60,9000,0.3869
LED_003,350,60,9250,0.3738
LED_003,350,60,9500,0.3527
LED_003,350,60,9750,0.3288
LED_003,350,60,10000,0.3157
LED_004,350,60,0,0.997
LED_004,350,60,250,0.9891
LED_004,350,60,500,0.9849
LED_004,350,60,750,0.9758
LED_004,350,60,1000,0.9681
LED_004,350,60,1250,0.9599
LED_004,350,60,1500,0.9525
LED_004,350,60,1750,0.9464
LED_004,350,60,2000,0.9365
LED_004,350,60,2250,0.9264
LED_004,350,60,2500,0.9208
LED_004,350,60,2750,0.914
LED_004,350,60,3000,0.8999
LED_004,350,60,3250,0.8934
LED_004,350,60,3500,0.8896
LED_004,350,60,3750,0.8719
LED_004,350,60,4000,0.8748
LED_004,350,60,4250,0.8535
LED_004,350,60,4500,0.8486
LED_004,350,60,4750,0.8374
LED_004,350,60,5000,0.841
LED_004,350,60,5250,0.8213
LED_004,350,60,5500,0.8123
LED_004,350,60,5750,0.8038
LED_004,350,60,6000,0.7966
LED_004,350,60,6250,0.7858
LED_004,350,60,6500,0.7775
LED_004,350,60,6750,0.7547
LED_004,350,60,7000,0.7598
LED_004,350,60,7250,0.7504
LED_004,350,60,7500,0.7452
LED_004,350,60,7750,0.737
LED_004,350,60,8000,0.7216
LED_004,350,60,8250,0.7162
LED_004,350,60,8500,0.6991
LED_004,350,60,8750,0.6971
LED_004,350,60,9000,0.6823
LED_004,350,60,9250,0.6703
LED_004,350,60,9500,0.6647
LED_004,350,60,9750,0.6614
LED_004,350,60,10000,0.6469
LED_005,350,85,0,0.997
LED_005,350,85,250,0.9832
LED_005,350,85,500,0.9549
LED_005,350,85,750,0.9367
LED_005,350,85,1000,0.9147
LED_005,350,85,1250,0.8943
LED_005,350,85,1500,0.8702
LED_005,350,85,1750,0.8437
LED_005,350,85,2000,0.8274
LED_005,350,85,2250,0.8078
LED_005,350,85,2500,0.7755
LED_005,350,85,2750,0.7472
LED_005,350,85,3000,0.7331
LED_005,350,85,3250,0.7062
LED_005,350,85,3500,0.6833
LED_005,350,85,3750,0.6623
LED_005,350,85,4000,0.6342
LED_005,350,85,4250,0.6109
LED_005,350,85,4500,0.5874
LED_005,350,85,4750,0.5693
LED_005,350,85,5000,0.5391
LED_005,350,85,5250,0.5095
LED_005,350,85,5500,0.4849
LED_005,350,85,5750,0.4655
LED_005,350,85,6000,0.4355
LED_005,350,85,6250,0.4087
LED_005,350,85,6500,0.3924
LED_005,350,85,6750,0.3674
LED_005,350,85,7000,0.3378
LED_005,350,85,7250,0.315
LED_005,350,85,7500,0.3
LED_005,350,85,7750,0.3
LED_005,350,85,8000,0.3
LED_005,350,85,8250,0.3
LED_005,350,85,8500,0.3
LED_005,350,85,8750,0.3
LED_005,350,85,9000,0.3
LED_005,350,85,9250,0.3
LED_005,350,85,9500,0.3
LED_005,350,85,9750,0.3
LED_005,350,85,10000,0.3
LED_006,1050,110,0,0.9995
LED_006,1050,110,250,0.9319
LED_006,1050,110,500,0.8527
LED_006,1050,110,750,0.7932
LED_006,1050,110,1000,0.7187
LED_006,1050,110,1250,0.654
LED_006,1050,110,1500,0.5819
LED_006,1050,110,1750,0.5118
LED_006,1050,110,2000,0.4416
LED_006,1050,110,2250,0.3625
LED_006,1050,110,2500,0.3
LED_006,1050,110,2750,0.3
LED_006,1050,110,3000,0.3
LED_006,1050,110,3250,0.3
LED_006,1050,110,3500,0.3
LED_006,1050,110,3750,0.3
LED_006,1050,110,4000,0.3
LED_006,1050,110,4250,0.3
LED_006,1050,110,4500,0.3
LED_006,1050,110,4750,0.3
LED_006,1050,110,5000,0.3
LED_006,1050,110,5250,0.3
LED_006,1050,110,5500,0.3
LED_006,1050,110,5750,0.3
LED_006,1050,110,6000,0.3
LED_006,1050,110,6250,0.3
LED_006,1050,110,6500,0.3
LED_006,1050,110,6750,0.3
LED_006,1050,110,7000,0.3
LED_006,1050,110,7250,0.3
LED_006,1050,110,7500,0.3
LED_006,1050,110,7750,0.3
LED_006,1050,110,8000,0.3
LED_006,1050,110,8250,0.3
LED_006,1050,110,8500,0.3
LED_006,1050,110,8750,0.3
LED_006,1050,110,9000,0.3
LED_006,1050,110,9250,0.3
LED_006,1050,110,9500,0.3
LED_006,1050,110,9750,0.3
LED_006,1050,110,10000,0.3
LED_007,1050,60,0,0.9977
LED_007,1050,60,250,0.9779
LED_007,1050,60,500,0.9495
LED_007,1050,60,750,0.9153
LED_007,1050,60,1000,0.88
LED_007,1050,60,1250,0.8658
LED_007,1050,60,1500,0.8285
LED_007,1050,60,1750,0.7958
LED_007,1050,60,2000,0.7708
LED_007,1050,60,2250,0.7394
LED_007,1050,60,2500,0.7112
LED_007,1050,60,2750,0.6726
LED_007,1050,60,3000,0.6455
LED_007,1050,60,3250,0.6083
LED_007,1050,60,3500,0.5844
LED_007,1050,60,3750,0.5501
LED_007,1050,60,4000,0.5196
LED_007,1050,60,4250,0.486
LED_007,1050,60,4500,0.4536
LED_007,1050,60,4750,0.4189
LED_007,1050,60,5000,0.3932
LED_007,1050,60,5250,0.3635
LED_007,1050,60,5500,0.3226
LED_007,1050,60,5750,0.3
LED_007,1050,60,6000,0.3
LED_007,1050,60,6250,0.3
LED_007,1050,60,6500,0.3
LED_007,1050,60,6750,0.3
LED_007,1050,60,7000,0.3
LED_007,1050,60,7250,0.3
LED_007,1050,60,7500,0.3
LED_007,1050,60,7750,0.3
LED_007,1050,60,8000,0.3
LED_007,1050,60,8250,0.3
LED_007,1050,60,8500,0.3
LED_007,1050,60,8750,0.3
LED_007,1050,60,9000,0.3
LED_007,1050,60,9250,0.3
LED_007,1050,60,9500,0.3
LED_007,1050,60,9750,0.3
LED_007,1050,60,10000,0.3
LED_008,700,60,0,0.9986
LED_008,700,60,250,0.9764
LED_008,700,60,500,0.9635
LED_008,700,60,750,0.9365
LED_008,700,60,1000,0.9188
LED_008,700,60,1250,0.8897
LED_008,700,60,1500,0.8758
LED_008,700,60,1750,0.8488
LED_008,700,60,2000,0.8268
LED_008,700,60,2250,0.8028
LED_008,700,60,2500,0.7773
LED_008,700,60,2750,0.7562
LED_008,700,60,3000,0.7312
LED_008,700,60,3250,0.7135
LED_008,700,60,3500,0.6853
LED_008,700,60,3750,0.6564
LED_008,700,60,4000,0.6319
LED_008,700,60,4250,0.6078
LED_008,700,60,4500,0.5931
LED_008,700,60,4750,0.5619
LED_008,700,60,5000,0.5434
LED_008,700,60,5250,0.5184
LED_008,700,60,5500,0.493
LED_008,700,60,5750,0.4704
LED_008,700,60,6000,0.4446
LED_008,700,60,6250,0.4083
LED_008,700,60,6500,0.3929
LED_008,700,60,6750,0.3708
LED_008,700,60,7000,0.3505
LED_008,700,60,7250,0.3254
LED_008,700,60,7500,0.3
LED_008,700,60,7750,0.3
LED_008,700,60,8000,0.3
LED_008,700,60,8250,0.3
LED_008,700,60,8500,0.3
LED_008,700,60,8750,0.3
LED_008,700,60,9000,0.3
LED_008,700,60,9250,0.3
LED_008,700,60,9500,0.3
LED_008,700,60,9750,0.3
LED_008,700,60,10000,0.3
LED_009,1050,60,0,1.0031
LED_009,1050,60,250,0.9813
LED_009,1050,60,500,0.955
LED_009,1050,60,750,0.9317
LED_009,1050,60,1000,0.9147
LED_009,1050,60,1250,0.8936
LED_009,1050,60,1500,0.8606
LED_009,1050,60,1750,0.839
LED_009,1050,60,2000,0.8177
LED_009,1050,60,2250,0.7943
LED_009,1050,60,2500,0.7661
LED_009,1050,60,2750,0.7515
LED_009,1050,60,3000,0.7212
LED_009,1050,60,3250,0.6971
LED_009,1050,60,3500,0.6773
LED_009,1050,60,3750,0.6436
LED_009,1050,60,4000,0.62
LED_009,1050,60,4250,0.5903
LED_009,1050,60,4500,0.5693
LED_009,1050,60,4750,0.5387
LED_009,1050,60,5000,0.5221
LED_009,1050,60,5250,0.4952
LED_009,1050,60,5500,0.4666
LED_009,1050,60,5750,0.4415
LED_009,1050,60,6000,0.4189
LED_009,1050,60,6250,0.3852
LED_009,1050,60,6500,0.3644
LED_009,1050,60,6750,0.34
LED_009,1050,60,7000,0.3037
LED_009,1050,60,7250,0.3
LED_009,1050,60,7500,0.3
LED_009,1050,60,7750,0.3
LED_009,1050,60,8000,0.3
LED_009,1050,60,8250,0.3
LED_009,1050,60,8500,0.3
LED_009,1050,60,8750,0.3
LED_009,1050,60,9000,0.3
LED_009,1050,60,9250,0.3
LED_009,1050,60,9500,0.3
LED_009,1050,60,9750,0.3
LED_009,1050,60,10000,0.3
LED_010,350,60,0,0.9977
LED_010,350,60,250,0.994
LED_010,350,60,500,0.9867
LED_010,350,60,750,0.9764
LED_010,350,60,1000,0.9618
LED_010,350,60,1250,0.943
LED_010,350,60,1500,0.9445
LED_010,350,60,1750,0.939
LED_010,350,60,2000,0.9281
LED_010,350,60,2250,0.915
LED_010,350,60,2500,0.8983
LED_010,350,60,2750,0.8908
LED_010,350,60,3000,0.8905
LED_010,350,60,3250,0.8668
LED_010,350,60,3500,0.8575
LED_010,350,60,3750,0.8555
LED_010,350,60,4000,0.8396
LED_010,350,60,4250,0.8261
LED_010,350,60,4500,0.8263
LED_010,350,60,4750,0.8115
LED_010,350,60,5000,0.7974
LED_010,350,60,5250,0.7837
LED_010,350,60,5500,0.7857
LED_010,350,60,5750,0.7666
LED_010,350,60,6000,0.7614
LED_010,350,60,6250,0.7485
LED_010,350,60,6500,0.7318
LED_010,350,60,6750,0.7209
LED_010,350,60,7000,0.7177
LED_010,350,60,7250,0.7066
LED_010,350,60,7500,0.6821
LED_010,350,60,7750,0.6807
LED_010,350,60,8000,0.6667
LED_010,350,60,8250,0.6518
LED_010,350,60,8500,0.6457
LED_010,350,60,8750,0.6279
LED_010,350,60,9000,0.62
LED_010,350,60,9250,0.6073
LED_010,350,60,9500,0.597
LED_010,350,60,9750,0.5872
LED_010,350,60,10000,0.5719
LED_011,700,60,0,1.002
LED_011,700,60,250,0.9852
LED_011,700,60,500,0.9549
LED_011,700,60,750,0.9306
LED_011,700,60,1000,0.9168
LED_011,700,60,1250,0.8841
LED_011,700,60,1500,0.8623
LED_011,700,60,1750,0.8422
LED_011,700,60,2000,0.8105
LED_011,700,60,2250,0.7942
LED_011,700,60,2500,0.7695
LED_011,700,60,2750,0.7479
LED_011,700,60,3000,0.7218
LED_011,700,60,3250,0.6988
LED_011,700,60,3500,0.6683
LED_011,700,60,3750,0.6403
LED_011,700,60,4000,0.6271
LED_011,700,60,4250,0.5873
LED_011,700,60,4500,0.5623
LED_011,700,60,4750,0.5448
LED_011,700,60,5000,0.5234
LED_011,700,60,5250,0.4919
LED_011,700,60,5500,0.4693
LED_011,700,60,5750,0.4313
LED_011,700,60,6000,0.4112
LED_011,700,60,6250,0.3795
LED_011,700,60,6500,0.3638
LED_011,700,60,6750,0.328
LED_011,700,60,7000,0.3026
LED_011,700,60,7250,0.3
LED_011,700,60,7500,0.3
LED_011,700,60,7750,0.3
LED_011,700,60,8000,0.3
LED_011,700,60,8250,0.3
LED_011,700,60,8500,0.3
LED_011,700,60,8750,0.3
LED_011,700,60,9000,0.3
LED_011,700,60,9250,0.3
LED_011,700,60,9500,0.3
LED_011,700,60,9750,0.3
LED_011,700,60,10000,0.3
LED_012,350,60,0,1.0
LED_012,350,60,250,0.9862
LED_012,350,60,500,0.9748
LED_012,350,60,750,0.961
LED_012,350,60,1000,0.9549
LED_012,350,60,1250,0.9331
LED_012,350,60,1500,0.9221
LED_012,350,60,1750,0.912
LED_012,350,60,2000,0.9069
LED_012,350,60,2250,0.8917
LED_012,350,60,2500,0.8679
LED_012,350,60,2750,0.8667
LED_012,350,60,3000,0.8535
LED_012,350,60,3250,0.8301
LED_012,350,60,3500,0.8113
LED_012,350,60,3750,0.8076
LED_012,350,60,4000,0.7989
LED_012,350,60,4250,0.7871
LED_012,350,60,4500,0.7636
LED_012,350,60,4750,0.7603
LED_012,350,60,5000,0.7306
LED_012,350,60,5250,0.7242
LED_012,350,60,5500,0.71
LED_012,350,60,5750,0.7023
LED_012,350,60,6000,0.6888
LED_012,350,60,6250,0.6733
LED_012,350,60,6500,0.6499
LED_012,350,60,6750,0.6445
LED_012,350,60,7000,0.6287
LED_012,350,60,7250,0.6056
LED_012,350,60,7500,0.5896
LED_012,350,60,7750,0.5876
LED_012,350,60,8000,0.5681
LED_012,350,60,8250,0.5491
LED_012,350,60,8500,0.5388
LED_012,350,60,8750,0.5264
LED_012,350,60,9000,0.5098
LED_012,350,60,9250,0.4891
LED_012,350,60,9500,0.488
LED_012,350,60,9750,0.4696
LED_012,350,60,10000,0.4493
LED_013,1050,110,0,1.0014
LED_013,1050,110,250,0.9411
LED_013,1050,110,500,0.8915
LED_013,1050,110,750,0.8287
LED_013,1050,110,1000,0.7769
LED_013,1050,110,1250,0.715
LED_013,1050,110,1500,0.6573
LED_013,1050,110,1750,0.6099
LED_013,1050,110,2000,0.5446
LED_013,1050,110,2250,0.4859
LED_013,1050,110,2500,0.4172
LED_013,1050,110,2750,0.3627
LED_013,1050,110,3000,0.3064
LED_013,1050,110,3250,0.3
LED_013,1050,110,3500,0.3
LED_013,1050,110,3750,0.3
LED_013,1050,110,4000,0.3
LED_013,1050,110,4250,0.3
LED_013,1050,110,4500,0.3
LED_013,1050,110,4750,0.3
LED_013,1050,110,5000,0.3
LED_013,1050,110,5250,0.3
LED_013,1050,110,5500,0.3
LED_013,1050,110,5750,0.3
LED_013,1050,110,6000,0.3
LED_013,1050,110,6250,0.3
LED_013,1050,110,6500,0.3
LED_013,1050,110,6750,0.3
LED_013,1050,110,7000,0.3
LED_013,1050,110,7250,0.3
LED_013,1050,110,7500,0.3
LED_013,1050,110,7750,0.3
LED_013,1050,110,8000,0.3
LED_013,1050,110,8250,0.3
LED_013,1050,110,8500,0.3
LED_013,1050,110,8750,0.3
LED_013,1050,110,9000,0.3
LED_013,1050,110,9250,0.3
LED_013,1050,110,9500,0.3
LED_013,1050,110,9750,0.3
LED_013,1050,110,10000,0.3
LED_014,700,85,0,1.0062
LED_014,700,85,250,0.9747
LED_014,700,85,500,0.9557
LED_014,700,85,750,0.9379
LED_014,700,85,1000,0.9191
LED_014,700,85,1250,0.89
LED_014,700,85,1500,0.8665
LED_014,700,85,1750,0.8457
LED_014,700,85,2000,0.8199
LED_014,700,85,2250,0.797
LED_014,700,85,2500,0.7776
LED_014,700,85,2750,0.7533
LED_014,700,85,3000,0.7375
LED_014,700,85,3250,0.7069
LED_014,700,85,3500,0.6859
LED_014,700,85,3750,0.653
LED_014,700,85,4000,0.6352
LED_014,700,85,4250,0.6059
LED_014,700,85,4500,0.586
LED_014,700,85,4750,0.5627
LED_014,700,85,5000,0.5354
LED_014,700,85,5250,0.5201
LED_014,700,85,5500,0.4913
LED_014,700,85,5750,0.4653
LED_014,700,85,6000,0.4385
LED_014,700,85,6250,0.4173
LED_014,700,85,6500,0.3792
LED_014,700,85,6750,0.365
LED_014,700,85,7000,0.33
LED_014,700,85,7250,0.306
LED_014,700,85,7500,0.3
LED_014,700,85,7750,0.3
LED_014,700,85,8000,0.3
LED_014,700,85,8250,0.3
LED_014,700,85,8500,0.3
LED_014,700,85,8750,0.3
LED_014,700,85,9000,0.3
LED_014,700,85,9250,0.3
LED_014,700,85,9500,0.3
LED_014,700,85,9750,0.3
LED_014,700,85,10000,0.3
LED_015,1050,85,0,0.9962
LED_015,1050,85,250,0.9674
LED_015,1050,85,500,0.9321
LED_015,1050,85,750,0.8928
LED_015,1050,85,1000,0.8665
LED_015,1050,85,1250,0.8191
LED_015,1050,85,1500,0.7848
LED_015,1050,85,1750,0.7507
LED_015,1050,85,2000,0.7144
LED_015,1050,85,2250,0.6782
LED_015,1050,85,2500,0.6369
LED_015,1050,85,2750,0.6012
LED_015,1050,85,3000,0.5559
LED_015,1050,85,3250,0.5236
LED_015,1050,85,3500,0.4846
LED_015,1050,85,3750,0.4479
LED_015,1050,85,4000,0.3958
LED_015,1050,85,4250,0.3593
LED_015,1050,85,4500,0.3265
LED_015,1050,85,4750,0.3
LED_015,1050,85,5000,0.3
LED_015,1050,85,5250,0.3
LED_015,1050,85,5500,0.3
LED_015,1050,85,5750,0.3
LED_015,1050,85,6000,0.3
LED_015,1050,85,6250,0.3
LED_015,1050,85,6500,0.3
LED_015,1050,85,6750,0.3
LED_015,1050,85,7000,0.3
LED_015,1050,85,7250,0.3
LED_015,1050,85,7500,0.3
LED_015,1050,85,7750,0.3
LED_015,1050,85,8000,0.3
LED_015,1050,85,8250,0.3
LED_015,1050,85,8500,0.3
LED_015,1050,85,8750,0.3
LED_015,1050,85,9000,0.3
LED_015,1050,85,9250,0.3
LED_015,1050,85,9500,0.3
LED_015,1050,85,9750,0.3
LED_015,1050,85,10000,0.3
LED_016,700,110,0,0.9978
LED_016,700,110,250,0.9618
LED_016,700,110,500,0.9329
LED_016,700,110,750,0.9044
LED_016,700,110,1000,0.8641
LED_016,700,110,1250,0.8311
LED_016,700,110,1500,0.8022
LED_016,700,110,1750,0.763
LED_016,700,110,2000,0.7227
LED_016,700,110,2250,0.6906
LED_016,700,110,2500,0.6507
LED_016,700,110,2750,0.6195
LED_016,700,110,3000,0.5834
LED_016,700,110,3250,0.5392
LED_016,700,110,3500,0.5085
LED_016,700,110,3750,0.4702
LED_016,700,110,4000,0.4356
LED_016,700,110,4250,0.3992
LED_016,700,110,4500,0.3601
LED_016,700,110,4750,0.3191
LED_016,700,110,5000,0.3
LED_016,700,110,5250,0.3
LED_016,700,110,5500,0.3
LED_016,700,110,5750,0.3
LED_016,700,110,6000,0.3
LED_016,700,110,6250,0.3
LED_016,700,110,6500,0.3
LED_016,700,110,6750,0.3
LED_016,700,110,7000,0.3
LED_016,700,110,7250,0.3
LED_016,700,110,7500,0.3
LED_016,700,110,7750,0.3
LED_016,700,110,8000,0.3
LED_016,700,110,8250,0.3
LED_016,700,110,8500,0.3
LED_016,700,110,8750,0.3
LED_016,700,110,9000,0.3
LED_016,700,110,9250,0.3
LED_016,700,110,9500,0.3
LED_016,700,110,9750,0.3
LED_016,700,110,10000,0.3
LED_017,700,60,0,0.9985
LED_017,700,60,250,0.9827
LED_017,700,60,500,0.9618
LED_017,700,60,750,0.9409
LED_017,700,60,1000,0.9327
LED_017,700,60,1250,0.9165
LED_017,700,60,1500,0.8875
LED_017,700,60,1750,0.8779
LED_017,700,60,2000,0.8624
LED_017,700,60,2250,0.842
LED_017,700,60,2500,0.8193
LED_017,700,60,2750,0.7984
LED_017,700,60,3000,0.7837
LED_017,700,60,3250,0.7654
LED_017,700,60,3500,0.7457
LED_017,700,60,3750,0.7253
LED_017,700,60,4000,0.7024
LED_017,700,60,4250,0.689
LED_017,700,60,4500,0.6697
LED_017,700,60,4750,0.649
LED_017,700,60,5000,0.629
LED_017,700,60,5250,0.6154
LED_017,700,60,5500,0.5863
LED_017,700,60,5750,0.574
LED_017,700,60,6000,0.5458
LED_017,700,60,6250,0.5331
LED_017,700,60,6500,0.5133
LED_017,700,60,6750,0.4869
LED_017,700,60,7000,0.4743
LED_017,700,60,7250,0.449
LED_017,700,60,7500,0.423
LED_017,700,60,7750,0.4044
LED_017,700,60,8000,0.3897
LED_017,700,60,8250,0.368
LED_017,700,60,8500,0.3392
LED_017,700,60,8750,0.3219
LED_017,700,60,9000,0.3022
LED_017,700,60,9250,0.3
LED_017,700,60,9500,0.3
LED_017,700,60,9750,0.3
LED_017,700,60,10000,0.3
LED_018,1050,60,0,0.9985
LED_018,1050,60,250,0.9764
LED_018,1050,60,500,0.9375
LED_018,1050,60,750,0.9138
LED_018,1050,60,1000,0.891
LED_018,1050,60,1250,0.8639
LED_018,1050,60,1500,0.825
LED_018,1050,60,1750,0.7949
LED_018,1050,60,2000,0.7708
LED_018,1050,60,2250,0.7359
LED_018,1050,60,2500,0.7069
LED_018,1050,60,2750,0.6809
LED_018,1050,60,3000,0.6445
LED_018,1050,60,3250,0.6078
LED_018,1050,60,3500,0.5793
LED_018,1050,60,3750,0.5533
LED_018,1050,60,4000,0.5143
LED_018,1050,60,4250,0.4889
LED_018,1050,60,4500,0.4527
LED_018,1050,60,4750,0.4328
LED_018,1050,60,5000,0.4028
LED_018,1050,60,5250,0.3576
LED_018,1050,60,5500,0.3304
LED_018,1050,60,5750,0.3
LED_018,1050,60,6000,0.3
LED_018,1050,60,6250,0.3
LED_018,1050,60,6500,0.3
LED_018,1050,60,6750,0.3
LED_018,1050,60,7000,0.3
LED_018,1050,60,7250,0.3
LED_018,1050,60,7500,0.3
LED_018,1050,60,7750,0.3
LED_018,1050,60,8000,0.3
LED_018,1050,60,8250,0.3
LED_018,1050,60,8500,0.3
LED_018,1050,60,8750,0.3
LED_018,1050,60,9000,0.3
LED_018,1050,60,9250,0.3
LED_018,1050,60,9500,0.3
LED_018,1050,60,9750,0.3
LED_018,1050,60,10000,0.3
LED_019,1050,85,0,0.9984
LED_019,1050,85,250,0.9663
LED_019,1050,85,500,0.933
LED_019,1050,85,750,0.8937
LED_019,1050,85,1000,0.8613
LED_019,1050,85,1250,0.8237
LED_019,1050,85,1500,0.7861
LED_019,1050,85,1750,0.7516
LED_019,1050,85,2000,0.7138
LED_019,1050,85,2250,0.6801
LED_019,1050,85,2500,0.6465
LED_019,1050,85,2750,0.6081
LED_019,1050,85,3000,0.5781
LED_019,1050,85,3250,0.5237
LED_019,1050,85,3500,0.4966
LED_019,1050,85,3750,0.4566
LED_019,1050,85,4000,0.4216
LED_019,1050,85,4250,0.3827
LED_019,1050,85,4500,0.3404
LED_019,1050,85,4750,0.3029
LED_019,1050,85,5000,0.3
LED_019,1050,85,5250,0.3
LED_019,1050,85,5500,0.3
LED_019,1050,85,5750,0.3
LED_019,1050,85,6000,0.3
LED_019,1050,85,6250,0.3
LED_019,1050,85,6500,0.3
LED_019,1050,85,6750,0.3
LED_019,1050,85,7000,0.3
LED_019,1050,85,7250,0.3
LED_019,1050,85,7500,0.3
LED_019,1050,85,7750,0.3
LED_019,1050,85,8000,0.3
LED_019,1050,85,8250,0.3
LED_019,1050,85,8500,0.3
LED_019,1050,85,8750,0.3
LED_019,1050,85,9000,0.3
LED_019,1050,85,9250,0.3
LED_019,1050,85,9500,0.3
LED_019,1050,85,9750,0.3
LED_019,1050,85,10000,0.3
LED_020,350,85,0,1.0057
LED_020,350,85,250,0.9775
LED_020,350,85,500,0.9753
LED_020,350,85,750,0.9423
LED_020,350,85,1000,0.9226
LED_020,350,85,1250,0.9126
LED_020,350,85,1500,0.8903
LED_020,350,85,1750,0.8765
LED_020,350,85,2000,0.8581
LED_020,350,85,2250,0.8391
LED_020,350,85,2500,0.818
LED_020,350,85,2750,0.8044
LED_020,350,85,3000,0.7826
LED_020,350,85,3250,0.7693
LED_020,350,85,3500,0.7451
LED_020,350,85,3750,0.7228
LED_020,350,85,4000,0.7007
LED_020,350,85,4250,0.6874
LED_020,350,85,4500,0.6635
LED_020,350,85,4750,0.6436
LED_020,350,85,5000,0.6315
LED_020,350,85,5250,0.6025
LED_020,350,85,5500,0.5954
LED_020,350,85,5750,0.5705
LED_020,350,85,6000,0.5496
LED_020,350,85,6250,0.5255
LED_020,350,85,6500,0.5125
LED_020,350,85,6750,0.4892
LED_020,350,85,7000,0.4661
LED_020,350,85,7250,0.4492
LED_020,350,85,7500,0.4211
LED_020,350,85,7750,0.4007
LED_020,350,85,8000,0.382
LED_020,350,85,8250,0.3671
LED_020,350,85,8500,0.3449
LED_020,350,85,8750,0.3282
LED_020,350,85,9000,0.3
LED_020,350,85,9250,0.3
LED_020,350,85,9500,0.3
LED_020,350,85,9750,0.3
LED_020,350,85,10000,0.3
LED_021,1050,60,0,0.9975
LED_021,1050,60,250,0.9773
LED_021,1050,60,500,0.9533
LED_021,1050,60,750,0.9295
LED_021,1050,60,1000,0.9046
LED_021,1050,60,1250,0.8768
LED_021,1050,60,1500,0.858
LED_021,1050,60,1750,0.8299
LED_021,1050,60,2000,0.8042
LED_021,1050,60,2250,0.7823
LED_021,1050,60,2500,0.7611
LED_021,1050,60,2750,0.7336
LED_021,1050,60,3000,0.7052
LED_021,1050,60,3250,0.6794
LED_021,1050,60,3500,0.6585
LED_021,1050,60,3750,0.6204
LED_021,1050,60,4000,0.6071
LED_021,1050,60,4250,0.5702
LED_021,1050,60,4500,0.5457
LED_021,1050,60,4750,0.5228
LED_021,1050,60,5000,0.5069
LED_021,1050,60,5250,0.4782
LED_021,1050,60,5500,0.4475
LED_021,1050,60,5750,0.4191
LED_021,1050,60,6000,0.3831
LED_021,1050,60,6250,0.3639
LED_021,1050,60,6500,0.3338
LED_021,1050,60,6750,0.3052
LED_021,1050,60,7000,0.3
LED_021,1050,60,7250,0.3
LED_021,1050,60,7500,0.3
LED_021,1050,60,7750,0.3
LED_021,1050,60,8000,0.3
LED_021,1050,60,8250,0.3
LED_021,1050,60,8500,0.3
LED_021,1050,60,8750,0.3
LED_021,1050,60,9000,0.3
LED_021,1050,60,9250,0.3
LED_021,1050,60,9500,0.3
LED_021,1050,60,9750,0.3
LED_021,1050,60,10000,0.3
LED_022,1050,85,0,0.9969
LED_022,1050,85,250,0.9646
LED_022,1050,85,500,0.9274
LED_022,1050,85,750,0.8895
LED_022,1050,85,1000,0.8612
LED_022,1050,85,1250,0.8191
LED_022,1050,85,1500,0.7782
LED_022,1050,85,1750,0.7422
LED_022,1050,85,2000,0.6992
LED_022,1050,85,2250,0.6629
LED_022,1050,85,2500,0.6244
LED_022,1050,85,2750,0.5815
LED_022,1050,85,3000,0.5487
LED_022,1050,85,3250,0.5054
LED_022,1050,85,3500,0.4661
LED_022,1050,85,3750,0.4251
LED_022,1050,85,4000,0.3989
LED_022,1050,85,4250,0.3438
LED_022,1050,85,4500,0.3
LED_022,1050,85,4750,0.3
LED_022,1050,85,5000,0.3
LED_022,1050,85,5250,0.3
LED_022,1050,85,5500,0.3
LED_022,1050,85,5750,0.3
LED_022,1050,85,6000,0.3
LED_022,1050,85,6250,0.3
LED_022,1050,85,6500,0.3
LED_022,1050,85,6750,0.3
LED_022,1050,85,7000,0.3
LED_022,1050,85,7250,0.3
LED_022,1050,85,7500,0.3
LED_022,1050,85,7750,0.3
LED_022,1050,85,8000,0.3
LED_022,1050,85,8250,0.3
LED_022,1050,85,8500,0.3
LED_022,1050,85,8750,0.3
LED_022,1050,85,9000,0.3
LED_022,1050,85,9250,0.3
LED_022,1050,85,9500,0.3
LED_022,1050,85,9750,0.3
LED_022,1050,85,10000,0.3
LED_023,350,60,0,1.0015
LED_023,350,60,250,0.9901
LED_023,350,60,500,0.9793
LED_023,350,60,750,0.9813
LED_023,350,60,1000,0.9543
LED_023,350,60,1250,0.9541
LED_023,350,60,1500,0.9365
LED_023,350,60,1750,0.9301
LED_023,350,60,2000,0.9294
LED_023,350,60,2250,0.9047
LED_023,350,60,2500,0.8951
LED_023,350,60,2750,0.8872
LED_023,350,60,3000,0.8732
LED_023,350,60,3250,0.8693
LED_023,350,60,3500,0.8527
LED_023,350,60,3750,0.8465
LED_023,350,60,4000,0.8276
LED_023,350,60,4250,0.8146
LED_023,350,60,4500,0.8098
LED_023,350,60,4750,0.7933
LED_023,350,60,5000,0.7944
LED_023,350,60,5250,0.771
LED_023,350,60,5500,0.7616
LED_023,350,60,5750,0.756
LED_023,350,60,6000,0.7406
LED_023,350,60,6250,0.7254
LED_023,350,60,6500,0.7281
LED_023,350,60,6750,0.7043
LED_023,350,60,7000,0.6959
LED_023,350,60,7250,0.6842
LED_023,350,60,7500,0.6761
LED_023,350,60,7750,0.6634
LED_023,350,60,8000,0.6464
LED_023,350,60,8250,0.6365
LED_023,350,60,8500,0.625
LED_023,350,60,8750,0.617
LED_023,350,60,9000,0.5973
LED_023,350,60,9250,0.598
LED_023,350,60,9500,0.5748
LED_023,350,60,9750,0.5657
LED_023,350,60,10000,0.549
LED_024,1050,60,0,0.9965
LED_024,1050,60,250,0.9771
LED_024,1050,60,500,0.9599
LED_024,1050,60,750,0.938
LED_024,1050,60,1000,0.9248
LED_024,1050,60,1250,0.8988
LED_024,1050,60,1500,0.8781
LED_024,1050,60,1750,0.8597
LED_024,1050,60,2000,0.8446
LED_024,1050,60,2250,0.8207
LED_024,1050,60,2500,0.7986
LED_024,1050,60,2750,0.7722
LED_024,1050,60,3000,0.7522
LED_024,1050,60,3250,0.7303
LED_024,1050,60,3500,0.7192
LED_024,1050,60,3750,0.6946
LED_024,1050,60,4000,0.6673
LED_024,1050,60,4250,0.6467
LED_024,1050,60,4500,0.6238
LED_024,1050,60,4750,0.6015
LED_024,1050,60,5000,0.5848
LED_024,1050,60,5250,0.5595
LED_024,1050,60,5500,0.5467
LED_024,1050,60,5750,0.5209
LED_024,1050,60,6000,0.4986
LED_024,1050,60,6250,0.4734
LED_024,1050,60,6500,0.4463
LED_024,1050,60,6750,0.4276
LED_024,1050,60,7000,0.4009
LED_024,1050,60,7250,0.3858
LED_024,1050,60,7500,0.3578
LED_024,1050,60,7750,0.334
LED_024,1050,60,8000,0.3102
LED_024,1050,60,8250,0.3
LED_024,1050,60,8500,0.3
LED_024,1050,60,8750,0.3
LED_024,1050,60,9000,0.3
LED_024,1050,60,9250,0.3
LED_024,1050,60,9500,0.3
LED_024,1050,60,9750,0.3
LED_024,1050,60,10000,0.3
LED_025,350,85,0,1.0007
LED_025,350,85,250,0.9902
LED_025,350,85,500,0.9683
LED_025,350,85,750,0.955
LED_025,350,85,1000,0.9359
LED_025,350,85,1250,0.9244
LED_025,350,85,1500,0.9209
LED_025,350,85,1750,0.8982
LED_025,350,85,2000,0.8785
LED_025,350,85,2250,0.8614
LED_025,350,85,2500,0.8479
LED_025,350,85,2750,0.8327
LED_025,350,85,3000,0.8145
LED_025,350,85,3250,0.8022
LED_025,350,85,3500,0.78
LED_025,350,85,3750,0.7637
LED_025,350,85,4000,0.7527
LED_025,350,85,4250,0.73
LED_025,350,85,4500,0.7211
LED_025,350,85,4750,0.7015
LED_025,350,85,5000,0.6775
LED_025,350,85,5250,0.6684
LED_025,350,85,5500,0.6444
LED_025,350,85,5750,0.6369
LED_025,350,85,6000,0.6161
LED_025,350,85,6250,0.6074
LED_025,350,85,6500,0.5871
LED_025,350,85,6750,0.5613
LED_025,350,85,7000,0.5402
LED_025,350,85,7250,0.5278
LED_025,350,85,7500,0.5085
LED_025,350,85,7750,0.5032
LED_025,350,85,8000,0.4782
LED_025,350,85,8250,0.4643
LED_025,350,85,8500,0.4417
LED_025,350,85,8750,0.4244
LED_025,350,85,9000,0.4071
LED_025,350,85,9250,0.3937
LED_025,350,85,9500,0.3726
LED_025,350,85,9750,0.349
LED_025,350,85,10000,0.3417
LED_026,700,110,0,0.9982
LED_026,700,110,250,0.9477
LED_026,700,110,500,0.9198
LED_026,700,110,750,0.8754
LED_026,700,110,1000,0.8326
LED_026,700,110,1250,0.7873
LED_026,700,110,1500,0.7429
LED_026,700,110,1750,0.6997
LED_026,700,110,2000,0.6587
LED_026,700,110,2250,0.6147
LED_026,700,110,2500,0.5662
LED_026,700,110,2750,0.5256
LED_026,700,110,3000,0.4759
LED_026,700,110,3250,0.4283
LED_026,700,110,3500,0.385
LED_026,700,110,3750,0.3323
LED_026,700,110,4000,0.3
LED_026,700,110,4250,0.3
LED_026,700,110,4500,0.3
LED_026,700,110,4750,0.3
LED_026,700,110,5000,0.3
LED_026,700,110,5250,0.3
LED_026,700,110,5500,0.3
LED_026,700,110,5750,0.3
LED_026,700,110,6000,0.3
LED_026,700,110,6250,0.3
LED_026,700,110,6500,0.3
LED_026,700,110,6750,0.3
LED_026,700,110,7000,0.3
LED_026,700,110,7250,0.3
LED_026,700,110,7500,0.3
LED_026,700,110,7750,0.3
LED_026,700,110,8000,0.3
LED_026,700,110,8250,0.3
LED_026,700,110,8500,0.3
LED_026,700,110,8750,0.3
LED_026,700,110,9000,0.3
LED_026,700,110,9250,0.3
LED_026,700,110,9500,0.3
LED_026,700,110,9750,0.3
LED_026,700,110,10000,0.3
LED_027,350,110,0,0.9973
LED_027,350,110,250,0.9707
LED_027,350,110,500,0.9402
LED_027,350,110,750,0.9017
LED_027,350,110,1000,0.8826
LED_027,350,110,1250,0.851
LED_027,350,110,1500,0.8261
LED_027,350,110,1750,0.7901
LED_027,350,110,2000,0.7539
LED_027,350,110,2250,0.7265
LED_027,350,110,2500,0.6875
LED_027,350,110,2750,0.6592
LED_027,350,110,3000,0.6345
LED_027,350,110,3250,0.5988
LED_027,350,110,3500,0.571
LED_027,350,110,3750,0.5268
LED_027,350,110,4000,0.5009
LED_027,350,110,4250,0.467
LED_027,350,110,4500,0.4396
LED_027,350,110,4750,0.4052
LED_027,350,110,5000,0.3716
LED_027,350,110,5250,0.3416
LED_027,350,110,5500,0.3001
LED_027,350,110,5750,0.3
LED_027,350,110,6000,0.3
LED_027,350,110,6250,0.3
LED_027,350,110,6500,0.3
LED_027,350,110,6750,0.3
LED_027,350,110,7000,0.3
LED_027,350,110,7250,0.3
LED_027,350,110,7500,0.3
LED_027,350,110,7750,0.3
LED_027,350,110,8000,0.3
LED_027,350,110,8250,0.3
LED_027,350,110,8500,0.3
LED_027,350,110,8750,0.3
LED_027,350,110,9000,0.3
LED_027,350,110,9250,0.3
LED_027,350,110,9500,0.3
LED_027,350,110,9750,0.3
LED_027,350,110,10000,0.3
LED_028,350,110,0,0.9981
LED_028,350,110,250,0.9685
LED_028,350,110,500,0.9501
LED_028,350,110,750,0.9274
LED_028,350,110,1000,0.9023
LED_028,350,110,1250,0.8734
LED_028,350,110,1500,0.8505
LED_028,350,110,1750,0.8231
LED_028,350,110,2000,0.7979
LED_028,350,110,2250,0.7705
LED_028,350,110,2500,0.7458
LED_028,350,110,2750,0.7115
LED_028,350,110,3000,0.6794
LED_028,350,110,3250,0.6598
LED_028,350,110,3500,0.6325
LED_028,350,110,3750,0.6077
LED_028,350,110,4000,0.5784
LED_028,350,110,4250,0.5529
LED_028,350,110,4500,0.5192
LED_028,350,110,4750,0.4891
LED_028,350,110,5000,0.4539
LED_028,350,110,5250,0.4319
LED_028,350,110,5500,0.3995
LED_028,350,110,5750,0.3735
LED_028,350,110,6000,0.3437
LED_028,350,110,6250,0.316
LED_028,350,110,6500,0.3
LED_028,350,110,6750,0.3
LED_028,350,110,7000,0.3
LED_028,350,110,7250,0.3
LED_028,350,110,7500,0.3
LED_028,350,110,7750,0.3
LED_028,350,110,8000,0.3
LED_028,350,110,8250,0.3
LED_028,350,110,8500,0.3
LED_028,350,110,8750,0.3
LED_028,350,110,9000,0.3
LED_028,350,110,9250,0.3
LED_028,350,110,9500,0.3
LED_028,350,110,9750,0.3
LED_028,350,110,10000,0.3
LED_029,700,85,0,1.0
LED_029,700,85,250,0.969
LED_029,700,85,500,0.9381
LED_029,700,85,750,0.9119
LED_029,700,85,1000,0.8821
LED_029,700,85,1250,0.8432
LED_029,700,85,1500,0.8111
LED_029,700,85,1750,0.7883
LED_029,700,85,2000,0.747
LED_029,700,85,2250,0.7225
LED_029,700,85,2500,0.6943
LED_029,700,85,2750,0.6616
LED_029,700,85,3000,0.6252
LED_029,700,85,3250,0.592
LED_029,700,85,3500,0.5649
LED_029,700,85,3750,0.513
LED_029,700,85,4000,0.4868
LED_029,700,85,4250,0.4583
LED_029,700,85,4500,0.4195
LED_029,700,85,4750,0.3916
LED_029,700,85,5000,0.3521
LED_029,700,85,5250,0.3183
LED_029,700,85,5500,0.3
LED_029,700,85,5750,0.3
LED_029,700,85,6000,0.3
LED_029,700,85,6250,0.3
LED_029,700,85,6500,0.3
LED_029,700,85,6750,0.3
LED_029,700,85,7000,0.3
LED_029,700,85,7250,0.3
LED_029,700,85,7500,0.3
LED_029,700,85,7750,0.3
LED_029,700,85,8000,0.3
LED_029,700,85,8250,0.3
LED_029,700,85,8500,0.3
LED_029,700,85,8750,0.3
LED_029,700,85,9000,0.3
LED_029,700,85,9250,0.3
LED_029,700,85,9500,0.3
LED_029,700,85,9750,0.3
LED_029,700,85,10000,0.3
LED_030,1050,60,0,1.0001
LED_030,1050,60,250,0.9818
LED_030,1050,60,500,0.951
LED_030,1050,60,750,0.9236
LED_030,1050,60,1000,0.9079
LED_030,1050,60,1250,0.8743
LED_030,1050,60,1500,0.857
LED_030,1050,60,1750,0.8384
LED_030,1050,60,2000,0.8113
LED_030,1050,60,2250,0.7883
LED_030,1050,60,2500,0.7615
LED_030,1050,60,2750,0.7435
LED_030,1050,60,3000,0.7061
LED_030,1050,60,3250,0.6845
LED_030,1050,60,3500,0.6555
LED_030,1050,60,3750,0.6352
LED_030,1050,60,4000,0.6051
LED_030,1050,60,4250,0.5861
LED_030,1050,60,4500,0.5509
LED_030,1050,60,4750,0.5322
LED_030,1050,60,5000,0.5025
LED_030,1050,60,5250,0.4733
LED_030,1050,60,5500,0.4489
LED_030,1050,60,5750,0.4208
LED_030,1050,60,6000,0.3942
LED_030,1050,60,6250,0.3648
LED_030,1050,60,6500,0.3356
LED_030,1050,60,6750,0.3097
LED_030,1050,60,7000,0.3
LED_030,1050,60,7250,0.3
LED_030,1050,60,7500,0.3
LED_030,1050,60,7750,0.3
LED_030,1050,60,8000,0.3
LED_030,1050,60,8250,0.3
LED_030,1050,60,8500,0.3
LED_030,1050,60,8750,0.3
LED_030,1050,60,9000,0.3
LED_030,1050,60,9250,0.3
LED_030,1050,60,9500,0.3
LED_030,1050,60,9750,0.3
LED_030,1050,60,10000,0.3
LED_031,1050,60,0,0.9979
LED_031,1050,60,250,0.9669
LED_031,1050,60,500,0.9467
LED_031,1050,60,750,0.9253
LED_031,1050,60,1000,0.888
LED_031,1050,60,1250,0.8748
LED_031,1050,60,1500,0.8343
LED_031,1050,60,1750,0.81
LED_031,1050,60,2000,0.7765
LED_031,1050,60,2250,0.753
LED_031,1050,60,2500,0.7236
LED_031,1050,60,2750,0.6894
LED_031,1050,60,3000,0.6776
LED_031,1050,60,3250,0.635
LED_031,1050,60,3500,0.6056
LED_031,1050,60,3750,0.5819
LED_031,1050,60,4000,0.5555
LED_031,1050,60,4250,0.5229
LED_031,1050,60,4500,0.4835
LED_031,1050,60,4750,0.459
LED_031,1050,60,5000,0.4202
LED_031,1050,60,5250,0.4009
LED_031,1050,60,5500,0.3601
LED_031,1050,60,5750,0.3326
LED_031,1050,60,6000,0.3049
LED_031,1050,60,6250,0.3
LED_031,1050,60,6500,0.3
LED_031,1050,60,6750,0.3
LED_031,1050,60,7000,0.3
LED_031,1050,60,7250,0.3
LED_031,1050,60,7500,0.3
LED_031,1050,60,7750,0.3
LED_031,1050,60,8000,0.3
LED_031,1050,60,8250,0.3
LED_031,1050,60,8500,0.3
LED_031,1050,60,8750,0.3
LED_031,1050,60,9000,0.3
LED_031,1050,60,9250,0.3
LED_031,1050,60,9500,0.3
LED_031,1050,60,9750,0.3
LED_031,1050,60,10000,0.3
LED_032,700,85,0,0.9988
LED_032,700,85,250,0.9671
LED_032,700,85,500,0.9558
LED_032,700,85,750,0.9231
LED_032,700,85,1000,0.9114
LED_032,700,85,1250,0.8876
LED_032,700,85,1500,0.8567
LED_032,700,85,1750,0.8363
LED_032,700,85,2000,0.8087
LED_032,700,85,2250,0.7858
LED_032,700,85,2500,0.7552
LED_032,700,85,2750,0.7372
LED_032,700,85,3000,0.7028
LED_032,700,85,3250,0.6766
LED_032,700,85,3500,0.6578
LED_032,700,85,3750,0.6317
LED_032,700,85,4000,0.6077
LED_032,700,85,4250,0.578
LED_032,700,85,4500,0.562
LED_032,700,85,4750,0.5288
LED_032,700,85,5000,0.5026
LED_032,700,85,5250,0.4759
LED_032,700,85,5500,0.4525
LED_032,700,85,5750,0.4239
LED_032,700,85,6000,0.3965
LED_032,700,85,6250,0.3706
LED_032,700,85,6500,0.3332
LED_032,700,85,6750,0.3061
LED_032,700,85,7000,0.3
LED_032,700,85,7250,0.3
LED_032,700,85,7500,0.3
LED_032,700,85,7750,0.3
LED_032,700,85,8000,0.3
LED_032,700,85,8250,0.3
LED_032,700,85,8500,0.3
LED_032,700,85,8750,0.3
LED_032,700,85,9000,0.3
LED_032,700,85,9250,0.3
LED_032,700,85,9500,0.3
LED_032,700,85,9750,0.3
LED_032,700,85,10000,0.3
LED_033,1050,60,0,1.0009
LED_033,1050,60,250,0.967
LED_033,1050,60,500,0.9439
LED_033,1050,60,750,0.9133
LED_033,1050,60,1000,0.8849
LED_033,1050,60,1250,0.8642
LED_033,1050,60,1500,0.8378
LED_033,1050,60,1750,0.809
LED_033,1050,60,2000,0.781
LED_033,1050,60,2250,0.7497
LED_033,1050,60,2500,0.7196
LED_033,1050,60,2750,0.6871
LED_033,1050,60,3000,0.6602
LED_033,1050,60,3250,0.6271
LED_033,1050,60,3500,0.5992
LED_033,1050,60,3750,0.573
LED_033,1050,60,4000,0.542
LED_033,1050,60,4250,0.5245
LED_033,1050,60,4500,0.4764
LED_033,1050,60,4750,0.4507
LED_033,1050,60,5000,0.4148
LED_033,1050,60,5250,0.388
LED_033,1050,60,5500,0.3571
LED_033,1050,60,5750,0.3307
LED_033,1050,60,6000,0.3
LED_033,1050,60,6250,0.3
LED_033,1050,60,6500,0.3
LED_033,1050,60,6750,0.3
LED_033,1050,60,7000,0.3
LED_033,1050,60,7250,0.3
LED_033,1050,60,7500,0.3
LED_033,1050,60,7750,0.3
LED_033,1050,60,8000,0.3
LED_033,1050,60,8250,0.3
LED_033,1050,60,8500,0.3
LED_033,1050,60,8750,0.3
LED_033,1050,60,9000,0.3
LED_033,1050,60,9250,0.3
LED_033,1050,60,9500,0.3
LED_033,1050,60,9750,0.3
LED_033,1050,60,10000,0.3
LED_034,350,60,0,1.0014
LED_034,350,60,250,0.9881
LED_034,350,60,500,0.9762
LED_034,350,60,750,0.9696
LED_034,350,60,1000,0.9582
LED_034,350,60,1250,0.9435
LED_034,350,60,1500,0.9269
LED_034,350,60,1750,0.9239
LED_034,350,60,2000,0.9074
LED_034,350,60,2250,0.8997
LED_034,350,60,2500,0.8877
LED_034,350,60,2750,0.8677
LED_034,350,60,3000,0.8637
LED_034,350,60,3250,0.8535
LED_034,350,60,3500,0.8419
LED_034,350,60,3750,0.8277
LED_034,350,60,4000,0.8072
LED_034,350,60,4250,0.8079
LED_034,350,60,4500,0.7922
LED_034,350,60,4750,0.7733
LED_034,350,60,5000,0.7626
LED_034,350,60,5250,0.7542
LED_034,350,60,5500,0.7434
LED_034,350,60,5750,0.7261
LED_034,350,60,6000,0.7187
LED_034,350,60,6250,0.6955
LED_034,350,60,6500,0.6858
LED_034,350,60,6750,0.6689
LED_034,350,60,7000,0.6607
LED_034,350,60,7250,0.6574
LED_034,350,60,7500,0.6466
LED_034,350,60,7750,0.6263
LED_034,350,60,8000,0.6097
LED_034,350,60,8250,0.5982
LED_034,350,60,8500,0.5878
LED_034,350,60,8750,0.5665
LED_034,350,60,9000,0.5571
LED_034,350,60,9250,0.5519
LED_034,350,60,9500,0.5286
LED_034,350,60,9750,0.5163
LED_034,350,60,10000,0.5059
LED_035,1050,60,0,0.9975
LED_035,1050,60,250,0.9762
LED_035,1050,60,500,0.9537
LED_035,1050,60,750,0.9342
LED_035,1050,60,1000,0.9007
LED_035,1050,60,1250,0.8756
LED_035,1050,60,1500,0.8561
LED_035,1050,60,1750,0.8219
LED_035,1050,60,2000,0.7927
LED_035,1050,60,2250,0.7727
LED_035,1050,60,2500,0.7495
LED_035,1050,60,2750,0.7199
LED_035,1050,60,3000,0.6912
LED_035,1050,60,3250,0.6588
LED_035,1050,60,3500,0.6372
LED_035,1050,60,3750,0.615
LED_035,1050,60,4000,0.5777
LED_035,1050,60,4250,0.554
LED_035,1050,60,4500,0.5257
LED_035,1050,60,4750,0.4965
LED_035,1050,60,5000,0.4723
LED_035,1050,60,5250,0.4449
LED_035,1050,60,5500,0.4165
LED_035,1050,60,5750,0.3824
LED_035,1050,60,6000,0.3512
LED_035,1050,60,6250,0.3301
LED_035,1050,60,6500,0.3
LED_035,1050,60,6750,0.3
LED_035,1050,60,7000,0.3
LED_035,1050,60,7250,0.3
LED_035,1050,60,7500,0.3
LED_035,1050,60,7750,0.3
LED_035,1050,60,8000,0.3
LED_035,1050,60,8250,0.3
LED_035,1050,60,8500,0.3
LED_035,1050,60,8750,0.3
LED_035,1050,60,9000,0.3
LED_035,1050,60,9250,0.3
LED_035,1050,60,9500,0.3
LED_035,1050,60,9750,0.3
LED_035,1050,60,10000,0.3
LED_036,350,60,0,1.0009
LED_036,350,60,250,0.9892
LED_036,350,60,500,0.9766
LED_036,350,60,750,0.9681
LED_036,350,60,1000,0.9521
LED_036,350,60,1250,0.935
LED_036,350,60,1500,0.9308
LED_036,350,60,1750,0.913
LED_036,350,60,2000,0.8985
LED_036,350,60,2250,0.8872
LED_036,350,60,2500,0.8798
LED_036,350,60,2750,0.8655
LED_036,350,60,3000,0.8446
LED_036,350,60,3250,0.8387
LED_036,350,60,3500,0.832
LED_036,350,60,3750,0.8125
LED_036,350,60,4000,0.8006
LED_036,350,60,4250,0.7922
LED_036,350,60,4500,0.778
LED_036,350,60,4750,0.7656
LED_036,350,60,5000,0.7371
LED_036,350,60,5250,0.7417
LED_036,350,60,5500,0.7238
LED_036,350,60,5750,0.7176
LED_036,350,60,6000,0.691
LED_036,350,60,6250,0.6734
LED_036,350,60,6500,0.6668
LED_036,350,60,6750,0.6518
LED_036,350,60,7000,0.6417
LED_036,350,60,7250,0.6295
LED_036,350,60,7500,0.6109
LED_036,350,60,7750,0.5963
LED_036,350,60,8000,0.5853
LED_036,350,60,8250,0.5681
LED_036,350,60,8500,0.5536
LED_036,350,60,8750,0.5449
LED_036,350,60,9000,0.5315
LED_036,350,60,9250,0.5165
LED_036,350,60,9500,0.4971
LED_036,350,60,9750,0.4748
LED_036,350,60,10000,0.4683
LED_037,700,85,0,0.9995
LED_037,700,85,250,0.973
LED_037,700,85,500,0.9507
LED_037,700,85,750,0.9215
LED_037,700,85,1000,0.8951
LED_037,700,85,1250,0.8794
LED_037,700,85,1500,0.8446
LED_037,700,85,1750,0.8223
LED_037,700,85,2000,0.7998
LED_037,700,85,2250,0.773
LED_037,700,85,2500,0.7458
LED_037,700,85,2750,0.7169
LED_037,700,85,3000,0.6914
LED_037,700,85,3250,0.6667
LED_037,700,85,3500,0.6355
LED_037,700,85,3750,0.5988
LED_037,700,85,4000,0.5763
LED_037,700,85,4250,0.5533
LED_037,700,85,4500,0.52
LED_037,700,85,4750,0.5008
LED_037,700,85,5000,0.4657
LED_037,700,85,5250,0.4378
LED_037,700,85,5500,0.4134
LED_037,700,85,5750,0.3794
LED_037,700,85,6000,0.352
LED_037,700,85,6250,0.3259
LED_037,700,85,6500,0.3
LED_037,700,85,6750,0.3
LED_037,700,85,7000,0.3
LED_037,700,85,7250,0.3
LED_037,700,85,7500,0.3
LED_037,700,85,7750,0.3
LED_037,700,85,8000,0.3
LED_037,700,85,8250,0.3
LED_037,700,85,8500,0.3
LED_037,700,85,8750,0.3
LED_037,700,85,9000,0.3
LED_037,700,85,9250,0.3
LED_037,700,85,9500,0.3
LED_037,700,85,9750,0.3
LED_037,700,85,10000,0.3
LED_038,1050,85,0,0.9953
LED_038,1050,85,250,0.9577
LED_038,1050,85,500,0.9152
LED_038,1050,85,750,0.875
LED_038,1050,85,1000,0.8299
LED_038,1050,85,1250,0.7839
LED_038,1050,85,1500,0.7468
LED_038,1050,85,1750,0.695
LED_038,1050,85,2000,0.6511
LED_038,1050,85,2250,0.6006
LED_038,1050,85,2500,0.5585
LED_038,1050,85,2750,0.5174
LED_038,1050,85,3000,0.4704
LED_038,1050,85,3250,0.4251
LED_038,1050,85,3500,0.3781
LED_038,1050,85,3750,0.3372
LED_038,1050,85,4000,0.3
LED_038,1050,85,4250,0.3
LED_038,1050,85,4500,0.3
LED_038,1050,85,4750,0.3
LED_038,1050,85,5000,0.3
LED_038,1050,85,5250,0.3
LED_038,1050,85,5500,0.3
LED_038,1050,85,5750,0.3
LED_038,1050,85,6000,0.3
LED_038,1050,85,6250,0.3
LED_038,1050,85,6500,0.3
LED_038,1050,85,6750,0.3
LED_038,1050,85,7000,0.3
LED_038,1050,85,7250,0.3
LED_038,1050,85,7500,0.3
LED_038,1050,85,7750,0.3
LED_038,1050,85,8000,0.3
LED_038,1050,85,8250,0.3
LED_038,1050,85,8500,0.3
LED_038,1050,85,8750,0.3
LED_038,1050,85,9000,0.3
LED_038,1050,85,9250,0.3
LED_038,1050,85,9500,0.3
LED_038,1050,85,9750,0.3
LED_038,1050,85,10000,0.3
LED_039,350,60,0,1.0014
LED_039,350,60,250,0.9854
LED_039,350,60,500,0.9682
LED_039,350,60,750,0.967
LED_039,350,60,1000,0.9499
LED_039,350,60,1250,0.9442
LED_039,350,60,1500,0.9263
LED_039,350,60,1750,0.9132
LED_039,350,60,2000,0.9054
LED_039,350,60,2250,0.9019
LED_039,350,60,2500,0.8829
LED_039,350,60,2750,0.8679
LED_039,350,60,3000,0.8562
LED_039,350,60,3250,0.835
LED_039,350,60,3500,0.8247
LED_039,350,60,3750,0.8063
LED_039,350,60,4000,0.8103
LED_039,350,60,4250,0.7965
LED_039,350,60,4500,0.7788
LED_039,350,60,4750,0.7647
LED_039,350,60,5000,0.7447
LED_039,350,60,5250,0.7368
LED_039,350,60,5500,0.7315
LED_039,350,60,5750,0.7114
LED_039,350,60,6000,0.6952
LED_039,350,60,6250,0.6769
LED_039,350,60,6500,0.6759
LED_039,350,60,6750,0.6564
LED_039,350,60,7000,0.636
LED_039,350,60,7250,0.6256
LED_039,350,60,7500,0.6104
LED_039,350,60,7750,0.6011
LED_039,350,60,8000,0.5885
LED_039,350,60,8250,0.5717
LED_039,350,60,8500,0.5628
LED_039,350,60,8750,0.546
LED_039,350,60,9000,0.5358
LED_039,350,60,9250,0.516
LED_039,350,60,9500,0.5154
LED_039,350,60,9750,0.4867
LED_039,350,60,10000,0.471
LED_040,700,85,0,0.9992
LED_040,700,85,250,0.9697
LED_040,700,85,500,0.9539
LED_040,700,85,750,0.921
LED_040,700,85,1000,0.9048
LED_040,700,85,1250,0.874
LED_040,700,85,1500,0.853
LED_040,700,85,1750,0.8318
LED_040,700,85,2000,0.8132
LED_040,700,85,2250,0.7741
LED_040,700,85,2500,0.7521
LED_040,700,85,2750,0.724
LED_040,700,85,3000,0.6973
LED_040,700,85,3250,0.6717
LED_040,700,85,3500,0.6515
LED_040,700,85,3750,0.6198
LED_040,700,85,4000,0.6041
LED_040,700,85,4250,0.5699
LED_040,700,85,4500,0.5373
LED_040,700,85,4750,0.5128
LED_040,700,85,5000,0.4838
LED_040,700,85,5250,0.4629
LED_040,700,85,5500,0.4256
LED_040,700,85,5750,0.3992
LED_040,700,85,6000,0.3745
LED_040,700,85,6250,0.3518
LED_040,700,85,6500,0.326
LED_040,700,85,6750,0.3
LED_040,700,85,7000,0.3
LED_040,700,85,7250,0.3
LED_040,700,85,7500,0.3
LED_040,700,85,7750,0.3
LED_040,700,85,8000,0.3
LED_040,700,85,8250,0.3
LED_040,700,85,8500,0.3
LED_040,700,85,8750,0.3
LED_040,700,85,9000,0.3
LED_040,700,85,9250,0.3
LED_040,700,85,9500,0.3
LED_040,700,85,9750,0.3
LED_040,700,85,10000,0.3
LED_041,1050,110,0,1.0004
LED_041,1050,110,250,0.9444
LED_041,1050,110,500,0.8918
LED_041,1050,110,750,0.8481
LED_041,1050,110,1000,0.7827
LED_041,1050,110,1250,0.7276
LED_041,1050,110,1500,0.6663
LED_041,1050,110,1750,0.616
LED_041,1050,110,2000,0.5574
LED_041,1050,110,2250,0.4993
LED_041,1050,110,2500,0.4386
LED_041,1050,110,2750,0.3831
LED_041,1050,110,3000,0.3248
LED_041,1050,110,3250,0.3
LED_041,1050,110,3500,0.3
LED_041,1050,110,3750,0.3
LED_041,1050,110,4000,0.3
LED_041,1050,110,4250,0.3
LED_041,1050,110,4500,0.3
LED_041,1050,110,4750,0.3
LED_041,1050,110,5000,0.3
LED_041,1050,110,5250,0.3
LED_041,1050,110,5500,0.3
LED_041,1050,110,5750,0.3
LED_041,1050,110,6000,0.3
LED_041,1050,110,6250,0.3
LED_041,1050,110,6500,0.3
LED_041,1050,110,6750,0.3
LED_041,1050,110,7000,0.3
LED_041,1050,110,7250,0.3
LED_041,1050,110,7500,0.3
LED_041,1050,110,7750,0.3
LED_041,1050,110,8000,0.3
LED_041,1050,110,8250,0.3
LED_041,1050,110,8500,0.3
LED_041,1050,110,8750,0.3
LED_041,1050,110,9000,0.3
LED_041,1050,110,9250,0.3
LED_041,1050,110,9500,0.3
LED_041,1050,110,9750,0.3
LED_041,1050,110,10000,0.3
LED_042,1050,85,0,1.0035
LED_042,1050,85,250,0.9615
LED_042,1050,85,500,0.9317
LED_042,1050,85,750,0.8971
LED_042,1050,85,1000,0.8604
LED_042,1050,85,1250,0.8371
LED_042,1050,85,1500,0.7888
LED_042,1050,85,1750,0.756
LED_042,1050,85,2000,0.7147
LED_042,1050,85,2250,0.6831
LED_042,1050,85,2500,0.6474
LED_042,1050,85,2750,0.6043
LED_042,1050,85,3000,0.5689
LED_042,1050,85,3250,0.5278
LED_042,1050,85,3500,0.4889
LED_042,1050,85,3750,0.4594
LED_042,1050,85,4000,0.4147
LED_042,1050,85,4250,0.3686
LED_042,1050,85,4500,0.3465
LED_042,1050,85,4750,0.3
LED_042,1050,85,5000,0.3
LED_042,1050,85,5250,0.3
LED_042,1050,85,5500,0.3
LED_042,1050,85,5750,0.3
LED_042,1050,85,6000,0.3
LED_042,1050,85,6250,0.3
LED_042,1050,85,6500,0.3
LED_042,1050,85,6750,0.3
LED_042,1050,85,7000,0.3
LED_042,1050,85,7250,0.3
LED_042,1050,85,7500,0.3
LED_042,1050,85,7750,0.3
LED_042,1050,85,8000,0.3
LED_042,1050,85,8250,0.3
LED_042,1050,85,8500,0.3
LED_042,1050,85,8750,0.3
LED_042,1050,85,9000,0.3
LED_042,1050,85,9250,0.3
LED_042,1050,85,9500,0.3
LED_042,1050,85,9750,0.3
LED_042,1050,85,10000,0.3
LED_043,350,60,0,0.9935
LED_043,350,60,250,0.9922
LED_043,350,60,500,0.9876
LED_043,350,60,750,0.9733
LED_043,350,60,1000,0.9669
LED_043,350,60,1250,0.9584
LED_043,350,60,1500,0.9459
LED_043,350,60,1750,0.9321
LED_043,350,60,2000,0.9265
LED_043,350,60,2250,0.9209
LED_043,350,60,2500,0.9084
LED_043,350,60,2750,0.8995
LED_043,350,60,3000,0.8848
LED_043,350,60,3250,0.8759
LED_043,350,60,3500,0.8662
LED_043,350,60,3750,0.8564
LED_043,350,60,4000,0.8512
LED_043,350,60,4250,0.827
LED_043,350,60,4500,0.8263
LED_043,350,60,4750,0.8156
LED_043,350,60,5000,0.8001
LED_043,350,60,5250,0.7979
LED_043,350,60,5500,0.7819
LED_043,350,60,5750,0.7729
LED_043,350,60,6000,0.7712
LED_043,350,60,6250,0.7573
LED_043,350,60,6500,0.745
LED_043,350,60,6750,0.7336
LED_043,350,60,7000,0.7207
LED_043,350,60,7250,0.7186
LED_043,350,60,7500,0.7031
LED_043,350,60,7750,0.6861
LED_043,350,60,8000,0.6726
LED_043,350,60,8250,0.6696
LED_043,350,60,8500,0.6562
LED_043,350,60,8750,0.6397
LED_043,350,60,9000,0.6361
LED_043,350,60,9250,0.6223
LED_043,350,60,9500,0.6144
LED_043,350,60,9750,0.6029
LED_043,350,60,10000,0.5875
LED_044,700,60,0,0.998
LED_044,700,60,250,0.9791
LED_044,700,60,500,0.9592
LED_044,700,60,750,0.9461
LED_044,700,60,1000,0.9205
LED_044,700,60,1250,0.9069
LED_044,700,60,1500,0.8881
LED_044,700,60,1750,0.8575
LED_044,700,60,2000,0.828
LED_044,700,60,2250,0.823
LED_044,700,60,2500,0.7964
LED_044,700,60,2750,0.7732
LED_044,700,60,3000,0.753
LED_044,700,60,3250,0.7322
LED_044,700,60,3500,0.7175
LED_044,700,60,3750,0.6913
LED_044,700,60,4000,0.674
LED_044,700,60,4250,0.6489
LED_044,700,60,4500,0.6236
LED_044,700,60,4750,0.6012
LED_044,700,60,5000,0.5827
LED_044,700,60,5250,0.5614
LED_044,700,60,5500,0.5396
LED_044,700,60,5750,0.512
LED_044,700,60,6000,0.4911
LED_044,700,60,6250,0.47
LED_044,700,60,6500,0.4432
LED_044,700,60,6750,0.4173
LED_044,700,60,7000,0.3955
LED_044,700,60,7250,0.3747
LED_044,700,60,7500,0.355
LED_044,700,60,7750,0.3341
LED_044,700,60,8000,0.3002
LED_044,700,60,8250,0.3
LED_044,700,60,8500,0.3
LED_044,700,60,8750,0.3
LED_044,700,60,9000,0.3
LED_044,700,60,9250,0.3
LED_044,700,60,9500,0.3
LED_044,700,60,9750,0.3
LED_044,700,60,10000,0.3
LED_045,350,85,0,0.999
LED_045,350,85,250,0.9893
LED_045,350,85,500,0.9652
LED_045,350,85,750,0.9501
LED_045,350,85,1000,0.9426
LED_045,350,85,1250,0.9218
LED_045,350,85,1500,0.908
LED_045,350,85,1750,0.8905
LED_045,350,85,2000,0.8723
LED_045,350,85,2250,0.8544
LED_045,350,85,2500,0.8424
LED_045,350,85,2750,0.8269
LED_045,350,85,3000,0.8096
LED_045,350,85,3250,0.7834
LED_045,350,85,3500,0.7762
LED_045,350,85,3750,0.7523
LED_045,350,85,4000,0.7334
LED_045,350,85,4250,0.7183
LED_045,350,85,4500,0.7048
LED_045,350,85,4750,0.686
LED_045,350,85,5000,0.6651
LED_045,350,85,5250,0.6516
LED_045,350,85,5500,0.631
LED_045,350,85,5750,0.6102
LED_045,350,85,6000,0.5916
LED_045,350,85,6250,0.5779
LED_045,350,85,6500,0.5578
LED_045,350,85,6750,0.5343
LED_045,350,85,7000,0.5248
LED_045,350,85,7250,0.5011
LED_045,350,85,7500,0.4909
LED_045,350,85,7750,0.4603
LED_045,350,85,8000,0.4466
LED_045,350,85,8250,0.4258
LED_045,350,85,8500,0.4059
LED_045,350,85,8750,0.389
LED_045,350,85,9000,0.3791
LED_045,350,85,9250,0.3536
LED_045,350,85,9500,0.3309
LED_045,350,85,9750,0.3076
LED_045,350,85,10000,0.3
LED_046,700,60,0,0.9975
LED_046,700,60,250,0.9831
LED_046,700,60,500,0.9585
LED_046,700,60,750,0.9506
LED_046,700,60,1000,0.9383
LED_046,700,60,1250,0.9237
LED_046,700,60,1500,0.8926
LED_046,700,60,1750,0.8797
LED_046,700,60,2000,0.8621
LED_046,700,60,2250,0.8486
LED_046,700,60,2500,0.8254
LED_046,700,60,2750,0.8193
LED_046,700,60,3000,0.7949
LED_046,700,60,3250,0.7762
LED_046,700,60,3500,0.765
LED_046,700,60,3750,0.7403
LED_046,700,60,4000,0.7237
LED_046,700,60,4250,0.7007
LED_046,700,60,4500,0.6797
LED_046,700,60,4750,0.6642
LED_046,700,60,5000,0.6567
LED_046,700,60,5250,0.6317
LED_046,700,60,5500,0.6115
LED_046,700,60,5750,0.5875
LED_046,700,60,6000,0.576
LED_046,700,60,6250,0.5479
LED_046,700,60,6500,0.5278
LED_046,700,60,6750,0.5126
LED_046,700,60,7000,0.5033
LED_046,700,60,7250,0.4837
LED_046,700,60,7500,0.4548
LED_046,700,60,7750,0.4343
LED_046,700,60,8000,0.4108
LED_046,700,60,8250,0.3979
LED_046,700,60,8500,0.3785
LED_046,700,60,8750,0.3611
LED_046,700,60,9000,0.3416
LED_046,700,60,9250,0.3172
LED_046,700,60,9500,0.3001
LED_046,700,60,9750,0.3
LED_046,700,60,10000,0.3
LED_047,700,110,0,1.0018
LED_047,700,110,250,0.9619
LED_047,700,110,500,0.9202
LED_047,700,110,750,0.8821
LED_047,700,110,1000,0.8312
LED_047,700,110,1250,0.7913
LED_047,700,110,1500,0.7522
LED_047,700,110,1750,0.7049
LED_047,700,110,2000,0.6661
LED_047,700,110,2250,0.6229
LED_047,700,110,2500,0.5861
LED_047,700,110,2750,0.5375
LED_047,700,110,3000,0.4969
LED_047,700,110,3250,0.4496
LED_047,700,110,3500,0.4015
LED_047,700,110,3750,0.3592
LED_047,700,110,4000,0.3164
LED_047,700,110,4250,0.3
LED_047,700,110,4500,0.3
LED_047,700,110,4750,0.3
LED_047,700,110,5000,0.3
LED_047,700,110,5250,0.3
LED_047,700,110,5500,0.3
LED_047,700,110,5750,0.3
LED_047,700,110,6000,0.3
LED_047,700,110,6250,0.3
LED_047,700,110,6500,0.3
LED_047,700,110,6750,0.3
LED_047,700,110,7000,0.3
LED_047,700,110,7250,0.3
LED_047,700,110,7500,0.3
LED_047,700,110,7750,0.3
LED_047,700,110,8000,0.3
LED_047,700,110,8250,0.3
LED_047,700,110,8500,0.3
LED_047,700,110,8750,0.3
LED_047,700,110,9000,0.3
LED_047,700,110,9250,0.3
LED_047,700,110,9500,0.3
LED_047,700,110,9750,0.3
LED_047,700,110,10000,0.3
LED_048,350,110,0,0.9962
LED_048,350,110,250,0.9742
LED_048,350,110,500,0.9541
LED_048,350,110,750,0.9337
LED_048,350,110,1000,0.8949
LED_048,350,110,1250,0.8713
LED_048,350,110,1500,0.8478
LED_048,350,110,1750,0.8283
LED_048,350,110,2000,0.7984
LED_048,350,110,2250,0.7702
LED_048,350,110,2500,0.7496
LED_048,350,110,2750,0.7241
LED_048,350,110,3000,0.6935
LED_048,350,110,3250,0.6634
LED_048,350,110,3500,0.6408
LED_048,350,110,3750,0.6116
LED_048,350,110,4000,0.5843
LED_048,350,110,4250,0.5557
LED_048,350,110,4500,0.5339
LED_048,350,110,4750,0.5035
LED_048,350,110,5000,0.4787
LED_048,350,110,5250,0.4519
LED_048,350,110,5500,0.4203
LED_048,350,110,5750,0.3882
LED_048,350,110,6000,0.366
LED_048,350,110,6250,0.3351
LED_048,350,110,6500,0.3151
LED_048,350,110,6750,0.3
LED_048,350,110,7000,0.3
LED_048,350,110,7250,0.3
LED_048,350,110,7500,0.3
LED_048,350,110,7750,0.3
LED_048,350,110,8000,0.3
LED_048,350,110,8250,0.3
LED_048,350,110,8500,0.3
LED_048,350,110,8750,0.3
LED_048,350,110,9000,0.3
LED_048,350,110,9250,0.3
LED_048,350,110,9500,0.3
LED_048,350,110,9750,0.3
LED_048,350,110,10000,0.3
LED_049,1050,85,0,1.0011
LED_049,1050,85,250,0.9593
LED_049,1050,85,500,0.9149
LED_049,1050,85,750,0.8689
LED_049,1050,85,1000,0.8244
LED_049,1050,85,1250,0.7909
LED_049,1050,85,1500,0.7398
LED_049,1050,85,1750,0.6988
LED_049,1050,85,2000,0.6545
LED_049,1050,85,2250,0.6015
LED_049,1050,85,2500,0.5588
LED_049,1050,85,2750,0.5109
LED_049,1050,85,3000,0.4595
LED_049,1050,85,3250,0.4164
LED_049,1050,85,3500,0.3723
LED_049,1050,85,3750,0.3204
LED_049,1050,85,4000,0.3
LED_049,1050,85,4250,0.3
LED_049,1050,85,4500,0.3
LED_049,1050,85,4750,0.3
LED_049,1050,85,5000,0.3
LED_049,1050,85,5250,0.3
LED_049,1050,85,5500,0.3
LED_049,1050,85,5750,0.3
LED_049,1050,85,6000,0.3
LED_049,1050,85,6250,0.3
LED_049,1050,85,6500,0.3
LED_049,1050,85,6750,0.3
LED_049,1050,85,7000,0.3
LED_049,1050,85,7250,0.3
LED_049,1050,85,7500,0.3
LED_049,1050,85,7750,0.3
LED_049,1050,85,8000,0.3
LED_049,1050,85,8250,0.3
LED_049,1050,85,8500,0.3
LED_049,1050,85,8750,0.3
LED_049,1050,85,9000,0.3
LED_049,1050,85,9250,0.3
LED_049,1050,85,9500,0.3
LED_049,1050,85,9750,0.3
LED_049,1050,85,10000,0.3
LED_050,700,110,0,1.0015
LED_050,700,110,250,0.9434
LED_050,700,110,500,0.896
LED_050,700,110,750,0.8427
LED_050,700,110,1000,0.7831
LED_050,700,110,1250,0.7242
LED_050,700,110,1500,0.6745
LED_050,700,110,1750,0.6138
LED_050,700,110,2000,0.5655
LED_050,700,110,2250,0.5022
LED_050,700,110,2500,0.4531
LED_050,700,110,2750,0.3797
LED_050,700,110,3000,0.3304
LED_050,700,110,3250,0.3
LED_050,700,110,3500,0.3
LED_050,700,110,3750,0.3
LED_050,700,110,4000,0.3
LED_050,700,110,4250,0.3
LED_050,700,110,4500,0.3
LED_050,700,110,4750,0.3
LED_050,700,110,5000,0.3
LED_050,700,110,5250,0.3
LED_050,700,110,5500,0.3
LED_050,700,110,5750,0.3
LED_050,700,110,6000,0.3
LED_050,700,110,6250,0.3
LED_050,700,110,6500,0.3
LED_050,700,110,6750,0.3
LED_050,700,110,7000,0.3
LED_050,700,110,7250,0.3
LED_050,700,110,7500,0.3
LED_050,700,110,7750,0.3
LED_050,700,110,8000,0.3
LED_050,700,110,8250,0.3
LED_050,700,110,8500,0.3
LED_050,700,110,8750,0.3
LED_050,700,110,9000,0.3
LED_050,700,110,9250,0.3
LED_050,700,110,9500,0.3
LED_050,700,110,9750,0.3
LED_050,700,110,10000,0.3
LED_051,700,110,0,0.9907
LED_051,700,110,250,0.9494
LED_051,700,110,500,0.9017
LED_051,700,110,750,0.8594
LED_051,700,110,1000,0.7972
LED_051,700,110,1250,0.7534
LED_051,700,110,1500,0.7034
LED_051,700,110,1750,0.6443
LED_051,700,110,2000,0.5933
LED_051,700,110,2250,0.5426
LED_051,700,110,2500,0.483
LED_051,700,110,2750,0.4336
LED_051,700,110,3000,0.3867
LED_051,700,110,3250,0.3295
LED_051,700,110,3500,0.3
LED_051,700,110,3750,0.3
LED_051,700,110,4000,0.3
LED_051,700,110,4250,0.3
LED_051,700,110,4500,0.3
LED_051,700,110,4750,0.3
LED_051,700,110,5000,0.3
LED_051,700,110,5250,0.3
LED_051,700,110,5500,0.3
LED_051,700,110,5750,0.3
LED_051,700,110,6000,0.3
LED_051,700,110,6250,0.3
LED_051,700,110,6500,0.3
LED_051,700,110,6750,0.3
LED_051,700,110,7000,0.3
LED_051,700,110,7250,0.3
LED_051,700,110,7500,0.3
LED_051,700,110,7750,0.3
LED_051,700,110,8000,0.3
LED_051,700,110,8250,0.3
LED_051,700,110,8500,0.3
LED_051,700,110,8750,0.3
LED_051,700,110,9000,0.3
LED_051,700,110,9250,0.3
LED_051,700,110,9500,0.3
LED_051,700,110,9750,0.3
LED_051,700,110,10000,0.3
LED_052,350,60,0,1.0039
LED_052,350,60,250,0.9934
LED_052,350,60,500,0.9771
LED_052,350,60,750,0.9623
LED_052,350,60,1000,0.949
LED_052,350,60,1250,0.9302
LED_052,350,60,1500,0.9295
LED_052,350,60,1750,0.9098
LED_052,350,60,2000,0.8999
LED_052,350,60,2250,0.8872
LED_052,350,60,2500,0.8661
LED_052,350,60,2750,0.8539
LED_052,350,60,3000,0.8502
LED_052,350,60,3250,0.8316
LED_052,350,60,3500,0.8143
LED_052,350,60,3750,0.8023
LED_052,350,60,4000,0.7933
LED_052,350,60,4250,0.7787
LED_052,350,60,4500,0.7551
LED_052,350,60,4750,0.7533
LED_052,350,60,5000,0.7365
LED_052,350,60,5250,0.7178
LED_052,350,60,5500,0.6993
LED_052,350,60,5750,0.6939
LED_052,350,60,6000,0.6771
LED_052,350,60,6250,0.6549
LED_052,350,60,6500,0.6452
LED_052,350,60,6750,0.644
LED_052,350,60,7000,0.6169
LED_052,350,60,7250,0.5991
LED_052,350,60,7500,0.5832
LED_052,350,60,7750,0.5795
LED_052,350,60,8000,0.5608
LED_052,350,60,8250,0.5481
LED_052,350,60,8500,0.5284
LED_052,350,60,8750,0.5174
LED_052,350,60,9000,0.4938
LED_052,350,60,9250,0.4826
LED_052,350,60,9500,0.4679
LED_052,350,60,9750,0.457
LED_052,350,60,10000,0.4373
LED_053,350,85,0,1.0003
LED_053,350,85,250,0.978
LED_053,350,85,500,0.9598
LED_053,350,85,750,0.9566
LED_053,350,85,1000,0.9358
LED_053,350,85,1250,0.9201
LED_053,350,85,1500,0.9082
LED_053,350,85,1750,0.894
LED_053,350,85,2000,0.874
LED_053,350,85,2250,0.8629
LED_053,350,85,2500,0.8404
LED_053,350,85,2750,0.8227
LED_053,350,85,3000,0.8054
LED_053,350,85,3250,0.7821
LED_053,350,85,3500,0.7739
LED_053,350,85,3750,0.7429
LED_053,350,85,4000,0.7329
LED_053,350,85,4250,0.7179
LED_053,350,85,4500,0.697
LED_053,350,85,4750,0.6806
LED_053,350,85,5000,0.672
LED_053,350,85,5250,0.6512
LED_053,350,85,5500,0.6261
LED_053,350,85,5750,0.6089
LED_053,350,85,6000,0.5876
LED_053,350,85,6250,0.5773
LED_053,350,85,6500,0.5552
LED_053,350,85,6750,0.53
LED_053,350,85,7000,0.5198
LED_053,350,85,7250,0.5027
LED_053,350,85,7500,0.4862
LED_053,350,85,7750,0.4634
LED_053,350,85,8000,0.4435
LED_053,350,85,8250,0.4341
LED_053,350,85,8500,0.4073
LED_053,350,85,8750,0.3912
LED_053,350,85,9000,0.3672
LED_053,350,85,9250,0.3531
LED_053,350,85,9500,0.3253
LED_053,350,85,9750,0.3101
LED_053,350,85,10000,0.3
LED_054,700,85,0,1.005
LED_054,700,85,250,0.9726
LED_054,700,85,500,0.9526
LED_054,700,85,750,0.93
LED_054,700,85,1000,0.8978
LED_054,700,85,1250,0.8755
LED_054,700,85,1500,0.8471
LED_054,700,85,1750,0.8187
LED_054,700,85,2000,0.7942
LED_054,700,85,2250,0.7714
LED_054,700,85,2500,0.7341
LED_054,700,85,2750,0.7052
LED_054,700,85,3000,0.6772
LED_054,700,85,3250,0.6573
LED_054,700,85,3500,0.6298
LED_054,700,85,3750,0.5949
LED_054,700,85,4000,0.5601
LED_054,700,85,4250,0.5374
LED_054,700,85,4500,0.5136
LED_054,700,85,4750,0.4823
LED_054,700,85,5000,0.4543
LED_054,700,85,5250,0.4223
LED_054,700,85,5500,0.3992
LED_054,700,85,5750,0.3671
LED_054,700,85,6000,0.3386
LED_054,700,85,6250,0.3072
LED_054,700,85,6500,0.3
LED_054,700,85,6750,0.3
LED_054,700,85,7000,0.3
LED_054,700,85,7250,0.3
LED_054,700,85,7500,0.3
LED_054,700,85,7750,0.3
LED_054,700,85,8000,0.3
LED_054,700,85,8250,0.3
LED_054,700,85,8500,0.3
LED_054,700,85,8750,0.3
LED_054,700,85,9000,0.3
LED_054,700,85,9250,0.3
LED_054,700,85,9500,0.3
LED_054,700,85,9750,0.3
LED_054,700,85,10000,0.3
LED_055,700,85,0,0.9995
LED_055,700,85,250,0.9922
LED_055,700,85,500,0.9727
LED_055,700,85,750,0.9439
LED_055,700,85,1000,0.9306
LED_055,700,85,1250,0.9061
LED_055,700,85,1500,0.8884
LED_055,700,85,1750,0.8705
LED_055,700,85,2000,0.8559
LED_055,700,85,2250,0.8374
LED_055,700,85,2500,0.8204
LED_055,700,85,2750,0.8031
LED_055,700,85,3000,0.7801
LED_055,700,85,3250,0.7624
LED_055,700,85,3500,0.7386
LED_055,700,85,3750,0.7183
LED_055,700,85,4000,0.6982
LED_055,700,85,4250,0.6872
LED_055,700,85,4500,0.6636
LED_055,700,85,4750,0.6376
LED_055,700,85,5000,0.625
LED_055,700,85,5250,0.6003
LED_055,700,85,5500,0.5918
LED_055,700,85,5750,0.5627
LED_055,700,85,6000,0.5475
LED_055,700,85,6250,0.5288
LED_055,700,85,6500,0.5002
LED_055,700,85,6750,0.4838
LED_055,700,85,7000,0.4651
LED_055,700,85,7250,0.4427
LED_055,700,85,7500,0.4229
LED_055,700,85,7750,0.3953
LED_055,700,85,8000,0.3819
LED_055,700,85,8250,0.3568
LED_055,700,85,8500,0.339
LED_055,700,85,8750,0.3202
LED_055,700,85,9000,0.3
LED_055,700,85,9250,0.3
LED_055,700,85,9500,0.3
LED_055,700,85,9750,0.3
LED_055,700,85,10000,0.3
LED_056,350,85,0,1.0007
LED_056,350,85,250,0.987
LED_056,350,85,500,0.9643
LED_056,350,85,750,0.9436
LED_056,350,85,1000,0.9335
LED_056,350,85,1250,0.913
LED_056,350,85,1500,0.8912
LED_056,350,85,1750,0.8801
LED_056,350,85,2000,0.8657
LED_056,350,85,2250,0.8352
LED_056,350,85,2500,0.8275
LED_056,350,85,2750,0.7947
LED_056,350,85,3000,0.7847
LED_056,350,85,3250,0.7749
LED_056,350,85,3500,0.7474
LED_056,350,85,3750,0.7301
LED_056,350,85,4000,0.7138
LED_056,350,85,4250,0.6847
LED_056,350,85,4500,0.6726
LED_056,350,85,4750,0.6532
LED_056,350,85,5000,0.641
LED_056,350,85,5250,0.6091
LED_056,350,85,5500,0.5929
LED_056,350,85,5750,0.571
LED_056,350,85,6000,0.5507
LED_056,350,85,6250,0.5395
LED_056,350,85,6500,0.5151
LED_056,350,85,6750,0.4927
LED_056,350,85,7000,0.4727
LED_056,350,85,7250,0.4523
LED_056,350,85,7500,0.4324
LED_056,350,85,7750,0.4089
LED_056,350,85,8000,0.3924
LED_056,350,85,8250,0.3715
LED_056,350,85,8500,0.3493
LED_056,350,85,8750,0.3322
LED_056,350,85,9000,0.3118
LED_056,350,85,9250,0.3
LED_056,350,85,9500,0.3
LED_056,350,85,9750,0.3
LED_056,350,85,10000,0.3
LED_057,1050,85,0,0.9963
LED_057,1050,85,250,0.9648
LED_057,1050,85,500,0.9418
LED_057,1050,85,750,0.904
LED_057,1050,85,1000,0.8742
LED_057,1050,85,1250,0.8485
LED_057,1050,85,1500,0.8075
LED_057,1050,85,1750,0.7771
LED_057,1050,85,2000,0.7428
LED_057,1050,85,2250,0.7046
LED_057,1050,85,2500,0.6772
LED_057,1050,85,2750,0.6353
LED_057,1050,85,3000,0.6096
LED_057,1050,85,3250,0.5673
LED_057,1050,85,3500,0.5328
LED_057,1050,85,3750,0.4953
LED_057,1050,85,4000,0.4607
LED_057,1050,85,4250,0.4272
LED_057,1050,85,4500,0.3836
LED_057,1050,85,4750,0.3566
LED_057,1050,85,5000,0.3195
LED_057,1050,85,5250,0.3
LED_057,1050,85,5500,0.3
LED_057,1050,85,5750,0.3
LED_057,1050,85,6000,0.3
LED_057,1050,85,6250,0.3
LED_057,1050,85,6500,0.3
LED_057,1050,85,6750,0.3
LED_057,1050,85,7000,0.3
LED_057,1050,85,7250,0.3
LED_057,1050,85,7500,0.3
LED_057,1050,85,7750,0.3
LED_057,1050,85,8000,0.3
LED_057,1050,85,8250,0.3
LED_057,1050,85,8500,0.3
LED_057,1050,85,8750,0.3
LED_057,1050,85,9000,0.3
LED_057,1050,85,9250,0.3
LED_057,1050,85,9500,0.3
LED_057,1050,85,9750,0.3
LED_057,1050,85,10000,0.3
LED_058,700,110,0,0.9954
LED_058,700,110,250,0.9542
LED_058,700,110,500,0.9056
LED_058,700,110,750,0.8565
LED_058,700,110,1000,0.8039
LED_058,700,110,1250,0.7615
LED_058,700,110,1500,0.7147
LED_058,700,110,1750,0.6513
LED_058,700,110,2000,0.6075
LED_058,700,110,2250,0.5416
LED_058,700,110,2500,0.504
LED_058,700,110,2750,0.4416
LED_058,700,110,3000,0.3944
LED_058,700,110,3250,0.3384
LED_058,700,110,3500,0.3
LED_058,700,110,3750,0.3
LED_058,700,110,4000,0.3
LED_058,700,110,4250,0.3
LED_058,700,110,4500,0.3
LED_058,700,110,4750,0.3
LED_058,700,110,5000,0.3
LED_058,700,110,5250,0.3
LED_058,700,110,5500,0.3
LED_058,700,110,5750,0.3
LED_058,700,110,6000,0.3
LED_058,700,110,6250,0.3
LED_058,700,110,6500,0.3
LED_058,700,110,6750,0.3
LED_058,700,110,7000,0.3
LED_058,700,110,7250,0.3
LED_058,700,110,7500,0.3
LED_058,700,110,7750,0.3
LED_058,700,110,8000,0.3
LED_058,700,110,8250,0.3
LED_058,700,110,8500,0.3
LED_058,700,110,8750,0.3
LED_058,700,110,9000,0.3
LED_058,700,110,9250,0.3
LED_058,700,110,9500,0.3
LED_058,700,110,9750,0.3
LED_058,700,110,10000,0.3
LED_059,350,60,0,0.9992
LED_059,350,60,250,0.994
LED_059,350,60,500,0.9775
LED_059,350,60,750,0.9709
LED_059,350,60,1000,0.9638
LED_059,350,60,1250,0.9475
LED_059,350,60,1500,0.9451
LED_059,350,60,1750,0.9307
LED_059,350,60,2000,0.9194
LED_059,350,60,2250,0.9017
LED_059,350,60,2500,0.8977
LED_059,350,60,2750,0.8901
LED_059,350,60,3000,0.885
LED_059,350,60,3250,0.8696
LED_059,350,60,3500,0.8611
LED_059,350,60,3750,0.841
LED_059,350,60,4000,0.8344
LED_059,350,60,4250,0.8289
LED_059,350,60,4500,0.8095
LED_059,350,60,4750,0.8058
LED_059,350,60,5000,0.7938
LED_059,350,60,5250,0.7808
LED_059,350,60,5500,0.7672
LED_059,350,60,5750,0.7534
LED_059,350,60,6000,0.7531
LED_059,350,60,6250,0.7372
LED_059,350,60,6500,0.7246
LED_059,350,60,6750,0.7102
LED_059,350,60,7000,0.7005
LED_059,350,60,7250,0.6894
LED_059,350,60,7500,0.6788
LED_059,350,60,7750,0.6685
LED_059,350,60,8000,0.6508
LED_059,350,60,8250,0.6363
LED_059,350,60,8500,0.6307
LED_059,350,60,8750,0.6116
LED_059,350,60,9000,0.6055
LED_059,350,60,9250,0.5928
LED_059,350,60,9500,0.5849
LED_059,350,60,9750,0.5789
LED_059,350,60,10000,0.5512
LED_060,700,85,0,0.9991
LED_060,700,85,250,0.963
LED_060,700,85,500,0.9169
LED_060,700,85,750,0.8868
LED_060,700,85,1000,0.8429
LED_060,700,85,1250,0.8019
LED_060,700,85,1500,0.7535
LED_060,700,85,1750,0.7203
LED_060,700,85,2000,0.6818
LED_060,700,85,2250,0.6356
LED_060,700,85,2500,0.599
LED_060,700,85,2750,0.5564
LED_060,700,85,3000,0.5066
LED_060,700,85,3250,0.4725
LED_060,700,85,3500,0.4231
LED_060,700,85,3750,0.3796
LED_060,700,85,4000,0.336
LED_060,700,85,4250,0.3
LED_060,700,85,4500,0.3
LED_060,700,85,4750,0.3
LED_060,700,85,5000,0.3
LED_060,700,85,5250,0.3
LED_060,700,85,5500,0.3
LED_060,700,85,5750,0.3
LED_060,700,85,6000,0.3
LED_060,700,85,6250,0.3
LED_060,700,85,6500,0.3
LED_060,700,85,6750,0.3
LED_060,700,85,7000,0.3
LED_060,700,85,7250,0.3
LED_060,700,85,7500,0.3
LED_060,700,85,7750,0.3
LED_060,700,85,8000,0.3
LED_060,700,85,8250,0.3
LED_060,700,85,8500,0.3
LED_060,700,85,8750,0.3
LED_060,700,85,9000,0.3
LED_060,700,85,9250,0.3
LED_060,700,85,9500,0.3
LED_060,700,85,9750,0.3
LED_060,700,85,10000,0.3
